{
  "meta": {
    "name": "TemplateBiped",
    "version": "0.1.0",
    "author": "CreatureStudio",
    "schemaVersion": "4.1.0",
    "notes": "Neutral two-legged creature template."
  },
  "bodyPlan": {
    "type": "biped",
    "hasTail": false,
    "hasTrunk": false,
    "hasWings": false,
    "hasEars": true,
    "symmetryMode": "bilateral"
  },
  "skeleton": {
    "root": "spine_base",
    "coordinateSystem": "Y-up, Z-forward, X-right",
    "bones": [
      { "name": "spine_base", "parent": "root", "position": [0.0, 1.0, 0.0] },
      { "name": "spine_mid", "parent": "spine_base", "position": [0.0, 0.1, 0.6] },
      { "name": "spine_neck", "parent": "spine_mid", "position": [0.0, 0.2, 0.45] },
      { "name": "spine_head", "parent": "spine_neck", "position": [0.0, 0.1, 0.2] },
      { "name": "head", "parent": "spine_head", "position": [0.0, 0.0, 0.25] },
      { "name": "ear_left", "parent": "head", "position": [0.15, 0.05, -0.15] },
      { "name": "ear_left_tip", "parent": "ear_left", "position": [0.15, -0.15, -0.12] },
      { "name": "ear_right", "parent": "head", "position": [-0.15, 0.05, -0.15] },
      { "name": "ear_right_tip", "parent": "ear_right", "position": [-0.15, -0.15, -0.12] },
      { "name": "front_left_collarbone", "parent": "spine_mid", "position": [0.18, -0.1, 0.2] },
      { "name": "front_left_upper", "parent": "front_left_collarbone", "position": [0.0, -0.4, 0.05] },
      { "name": "front_left_lower", "parent": "front_left_upper", "position": [0.0, -0.35, 0.05] },
      { "name": "front_left_foot", "parent": "front_left_lower", "position": [0.0, -0.25, 0.0] },
      { "name": "front_right_collarbone", "parent": "spine_mid", "position": [-0.18, -0.1, 0.2] },
      { "name": "front_right_upper", "parent": "front_right_collarbone", "position": [0.0, -0.4, 0.05] },
      { "name": "front_right_lower", "parent": "front_right_upper", "position": [0.0, -0.35, 0.05] },
      { "name": "front_right_foot", "parent": "front_right_lower", "position": [0.0, -0.25, 0.0] },
      { "name": "back_left_pelvis", "parent": "spine_base", "position": [0.18, -0.05, -0.05] },
      { "name": "back_left_upper", "parent": "back_left_pelvis", "position": [0.0, -0.55, 0.02] },
      { "name": "back_left_lower", "parent": "back_left_upper", "position": [0.0, -0.55, -0.05] },
      { "name": "back_left_foot", "parent": "back_left_lower", "position": [0.0, -0.25, 0.0] },
      { "name": "back_right_pelvis", "parent": "spine_base", "position": [-0.18, -0.05, -0.05] },
      { "name": "back_right_upper", "parent": "back_right_pelvis", "position": [0.0, -0.55, 0.02] },
      { "name": "back_right_lower", "parent": "back_right_upper", "position": [0.0, -0.55, -0.05] },
      { "name": "back_right_foot", "parent": "back_right_lower", "position": [0.0, -0.25, 0.0] }
    ]
  },
  "chains": {
    "spine": ["spine_base", "spine_mid", "spine_neck"],
    "neck": ["spine_neck", "spine_head"],
    "head": ["head"],
    "earLeft": ["ear_left", "ear_left_tip"],
    "earRight": ["ear_right", "ear_right_tip"],
    "frontLegL": ["front_left_collarbone", "front_left_upper", "front_left_lower", "front_left_foot"],
    "frontLegR": ["front_right_collarbone", "front_right_upper", "front_right_lower", "front_right_foot"],
    "backLegL": ["back_left_pelvis", "back_left_upper", "back_left_lower", "back_left_foot"],
    "backLegR": ["back_right_pelvis", "back_right_upper", "back_right_lower", "back_right_foot"]
  },
  "sizes": {
    "defaultRadius": 0.22
  },
  "bodyParts": {
    "torso": {
      "generator": "torso",
      "chain": "spine",
      "options": {
        "radii": [0.3, 0.34, 0.26],
        "sides": 18
      }
    },
    "neck": {
      "generator": "neck",
      "chain": "neck",
      "options": {
        "radii": [0.24, 0.16],
        "sides": 14
      }
    },
    "head": {
      "generator": "head",
      "chain": "head",
      "options": {
        "radius": 0.22,
        "sides": 18,
        "elongation": 0.95
      }
    },
    "earLeft": {
      "generator": "ear",
      "chain": "earLeft",
      "options": {
        "radii": [0.14, 0.07],
        "sides": 10,
        "flatten": 0.12,
        "tilt": 0.35
      }
    },
    "earRight": {
      "generator": "ear",
      "chain": "earRight",
      "options": {
        "radii": [0.14, 0.07],
        "sides": 10,
        "flatten": 0.12,
        "tilt": -0.35
      }
    },
    "frontLegL": {
      "generator": "limb",
      "chain": "frontLegL",
      "options": {
        "radii": [0.16, 0.14, 0.12, 0.1],
        "sides": 12
      }
    },
    "frontLegR": {
      "generator": "limb",
      "chain": "frontLegR",
      "options": {
        "radii": [0.16, 0.14, 0.12, 0.1],
        "sides": 12
      }
    },
    "backLegL": {
      "generator": "limb",
      "chain": "backLegL",
      "options": {
        "radii": [0.2, 0.16, 0.14, 0.12],
        "sides": 12
      }
    },
    "backLegR": {
      "generator": "limb",
      "chain": "backLegR",
      "options": {
        "radii": [0.2, 0.16, 0.14, 0.12],
        "sides": 12
      }
    }
  },
  "materials": {
    "surface": {
      "color": "#c0c0c0",
      "roughness": 0.6
    },
    "eye": {
      "color": "#202020",
      "roughness": 0.25
    }
  },
  "behaviorPresets": {
    "gait": "none",
    "idleBehaviors": ["idleLook"],
    "tags": ["template", "biped"]
  }
}
