{
  "meta": {
    "name": "Elephant",
    "version": "4.0.0",
    "author": "Zoo Canonical",
    "source": "ElephantCanonicalQuadruped",
    "notes": "Canonical quadruped reference used for CreatureStudio Phase 1."
  },
  "bodyPlan": {
    "type": "quadruped",
    "hasTail": true,
    "hasTrunk": true,
    "hasWings": false,
    "hasEars": true,
    "symmetryMode": "bilateral",
    "notes": "Large quadruped with trunk-based nose chain and large ears."
  },
  "skeleton": {
    "root": "spine_base",
    "coordinateSystem": "Y-up, Z-forward, X-right (see rulebook chapter 2).",
    "bones": [
      {
        "name": "spine_base",
        "parent": "root",
        "position": [
          0.0,
          2.1,
          0.0
        ]
      },
      {
        "name": "spine_tail",
        "parent": "spine_base",
        "position": [
          0.0,
          -0.5,
          -0.35
        ]
      },
      {
        "name": "spine_mid",
        "parent": "spine_base",
        "position": [
          0.0,
          -0.1,
          1.1
        ]
      },
      {
        "name": "spine_neck",
        "parent": "spine_mid",
        "position": [
          0.0,
          0.3,
          1.1
        ]
      },
      {
        "name": "spine_head",
        "parent": "spine_neck",
        "position": [
          0.0,
          0.1,
          0.6
        ]
      },
      {
        "name": "head",
        "parent": "spine_head",
        "position": [
          0.0,
          -0.15,
          0.45
        ]
      },
      {
        "name": "head_tip_1",
        "parent": "head",
        "position": [
          0.0,
          -0.05,
          0.05
        ]
      },
      {
        "name": "head_tip_2",
        "parent": "head_tip_1",
        "position": [
          0.0,
          0.0,
          0.0
        ],
        "rotation": [
          -0.1745329,
          0.0,
          0.0
        ]
      },
      {
        "name": "head_tip_3",
        "parent": "head_tip_1",
        "position": [
          0.3,
          0.0,
          0.0
        ],
        "rotation": [
          -0.1745329,
          0.0,
          0.0
        ]
      },
      {
        "name": "head_tip_4",
        "parent": "head_tip_1",
        "position": [
          -0.3,
          0.0,
          0.0
        ],
        "rotation": [
          -0.1745329,
          0.0,
          0.0
        ]
      },
      {
        "name": "trunk_anchor",
        "parent": "head_tip_2",
        "position": [
          0.0,
          -0.07,
          0.15
        ]
      },
      {
        "name": "trunk_root",
        "parent": "trunk_anchor",
        "position": [
          0.0,
          -0.05,
          0.4
        ]
      },
      {
        "name": "trunk_base",
        "parent": "trunk_root",
        "position": [
          0.0,
          -0.35,
          0.25
        ]
      },
      {
        "name": "trunk_mid1",
        "parent": "trunk_base",
        "position": [
          0.0,
          -0.5,
          0.1
        ]
      },
      {
        "name": "trunk_mid2",
        "parent": "trunk_mid1",
        "position": [
          0.0,
          -0.5,
          0.0
        ]
      },
      {
        "name": "trunk_tip",
        "parent": "trunk_mid2",
        "position": [
          0.0,
          -0.4,
          0.0
        ]
      },
      {
        "name": "tusk_left",
        "parent": "head_tip_3",
        "position": [
          0.0,
          0.0,
          0.25
        ]
      },
      {
        "name": "tusk_left_tip",
        "parent": "tusk_left",
        "position": [
          0.1,
          0.3,
          0.5
        ]
      },
      {
        "name": "tusk_right",
        "parent": "head_tip_4",
        "position": [
          0.0,
          0.0,
          0.25
        ]
      },
      {
        "name": "tusk_right_tip",
        "parent": "tusk_right",
        "position": [
          -0.1,
          0.3,
          0.5
        ]
      },
      {
        "name": "ear_left",
        "parent": "head",
        "position": [
          0.4,
          0.1,
          -0.5
        ]
      },
      {
        "name": "ear_left_tip",
        "parent": "ear_left",
        "position": [
          0.6,
          -0.6,
          -0.4
        ]
      },
      {
        "name": "ear_right",
        "parent": "head",
        "position": [
          -0.4,
          0.1,
          -0.5
        ]
      },
      {
        "name": "ear_right_tip",
        "parent": "ear_right",
        "position": [
          -0.6,
          -0.6,
          -0.4
        ]
      },
      {
        "name": "tail_base",
        "parent": "spine_tail",
        "position": [
          0.0,
          0.3,
          -0.3
        ]
      },
      {
        "name": "tail_mid",
        "parent": "tail_base",
        "position": [
          0.0,
          -0.6,
          -0.2
        ]
      },
      {
        "name": "tail_tip",
        "parent": "tail_mid",
        "position": [
          0.0,
          -0.6,
          0.0
        ]
      },
      {
        "name": "front_left_collarbone",
        "parent": "spine_mid",
        "position": [
          0.4,
          -0.3,
          0.3
        ]
      },
      {
        "name": "front_right_collarbone",
        "parent": "spine_mid",
        "position": [
          -0.4,
          -0.3,
          0.3
        ]
      },
      {
        "name": "back_left_pelvis",
        "parent": "spine_base",
        "position": [
          0.45,
          -0.2,
          0.1
        ]
      },
      {
        "name": "back_right_pelvis",
        "parent": "spine_base",
        "position": [
          -0.45,
          -0.2,
          0.1
        ]
      },
      {
        "name": "front_left_upper",
        "parent": "front_left_collarbone",
        "position": [
          0.0,
          -0.8,
          0.0
        ]
      },
      {
        "name": "front_left_lower",
        "parent": "front_left_upper",
        "position": [
          0.0,
          -0.8,
          0.05
        ]
      },
      {
        "name": "front_left_foot",
        "parent": "front_left_lower",
        "position": [
          0.0,
          -0.4,
          0.05
        ]
      },
      {
        "name": "front_right_upper",
        "parent": "front_right_collarbone",
        "position": [
          0.0,
          -0.8,
          0.0
        ]
      },
      {
        "name": "front_right_lower",
        "parent": "front_right_upper",
        "position": [
          0.0,
          -0.8,
          0.05
        ]
      },
      {
        "name": "front_right_foot",
        "parent": "front_right_lower",
        "position": [
          0.0,
          -0.4,
          0.05
        ]
      },
      {
        "name": "back_left_upper",
        "parent": "back_left_pelvis",
        "position": [
          0.0,
          -0.8,
          0.05
        ]
      },
      {
        "name": "back_left_lower",
        "parent": "back_left_upper",
        "position": [
          0.0,
          -0.8,
          -0.1
        ]
      },
      {
        "name": "back_left_foot",
        "parent": "back_left_lower",
        "position": [
          0.0,
          -0.4,
          0.1
        ]
      },
      {
        "name": "back_right_upper",
        "parent": "back_right_pelvis",
        "position": [
          0.0,
          -0.8,
          0.05
        ]
      },
      {
        "name": "back_right_lower",
        "parent": "back_right_upper",
        "position": [
          0.0,
          -0.8,
          -0.1
        ]
      },
      {
        "name": "back_right_foot",
        "parent": "back_right_lower",
        "position": [
          0.0,
          -0.4,
          0.1
        ]
      }
    ]
  },
  "chains": {
    "spine": [
      "spine_base",
      "spine_tail",
      "spine_mid",
      "spine_neck",
      "spine_head",
      "head"
    ],
    "neck": [
      "spine_neck",
      "spine_head",
      "head",
      "head_tip_1",
      "head_tip_2"
    ],
    "head": [
      "head",
      "head_tip_1",
      "head_tip_2",
      "head_tip_3",
      "head_tip_4"
    ],
    "trunk": [
      "trunk_anchor",
      "trunk_root",
      "trunk_base",
      "trunk_mid1",
      "trunk_mid2",
      "trunk_tip"
    ],
    "tail": [
      "tail_base",
      "tail_mid",
      "tail_tip"
    ],
    "earLeft": [
      "ear_left",
      "ear_left_tip"
    ],
    "earRight": [
      "ear_right",
      "ear_right_tip"
    ],
    "frontLegL": [
      "front_left_collarbone",
      "front_left_upper",
      "front_left_lower",
      "front_left_foot"
    ],
    "frontLegR": [
      "front_right_collarbone",
      "front_right_upper",
      "front_right_lower",
      "front_right_foot"
    ],
    "backLegL": [
      "back_left_pelvis",
      "back_left_upper",
      "back_left_lower",
      "back_left_foot"
    ],
    "backLegR": [
      "back_right_pelvis",
      "back_right_upper",
      "back_right_lower",
      "back_right_foot"
    ],
    "tuskLeft": [
      "tusk_left",
      "tusk_left_tip"
    ],
    "tuskRight": [
      "tusk_right",
      "tusk_right_tip"
    ]
  },
  "sizes": {
    "defaultRadius": 0.25,
    "byChain": {
      "spine": {
        "radius": 0.35
      },
      "neck": {
        "radius": 0.3
      },
      "head": {
        "radius": 0.28
      },
      "trunk": {
        "radius": 0.18
      },
      "tail": {
        "radius": 0.08
      },
      "earLeft": {
        "radius": 0.05
      },
      "earRight": {
        "radius": 0.05
      },
      "frontLegL": {
        "radius": 0.2
      },
      "frontLegR": {
        "radius": 0.2
      },
      "backLegL": {
        "radius": 0.22
      },
      "backLegR": {
        "radius": 0.22
      },
      "tuskLeft": {
        "radius": 0.1
      },
      "tuskRight": {
        "radius": 0.1
      }
    },
    "byBone": {}
  },
  "bodyParts": {
    "torso": {
      "generator": "torso",
      "chain": "spine",
      "options": {
        "sides": 12,
        "capRounding": 0.5
      }
    },
    "neck": {
      "generator": "neck",
      "chain": "neck",
      "options": {
        "sides": 10
      }
    },
    "head": {
      "generator": "head",
      "chain": "head",
      "options": {}
    },
    "trunk": {
      "generator": "trunk",
      "chain": "trunk",
      "options": {
        "segments": 5
      }
    },
    "tail": {
      "generator": "tail",
      "chain": "tail",
      "options": {
        "segments": 3
      }
    },
    "earLeft": {
      "generator": "ear",
      "chain": "earLeft",
      "options": {
        "side": "left"
      }
    },
    "earRight": {
      "generator": "ear",
      "chain": "earRight",
      "options": {
        "side": "right"
      }
    },
    "frontLegL": {
      "generator": "limb",
      "chain": "frontLegL",
      "options": {
        "side": "left",
        "isFront": true
      }
    },
    "frontLegR": {
      "generator": "limb",
      "chain": "frontLegR",
      "options": {
        "side": "right",
        "isFront": true
      }
    },
    "backLegL": {
      "generator": "limb",
      "chain": "backLegL",
      "options": {
        "side": "left",
        "isFront": false
      }
    },
    "backLegR": {
      "generator": "limb",
      "chain": "backLegR",
      "options": {
        "side": "right",
        "isFront": false
      }
    },
    "tuskLeft": {
      "generator": "limb",
      "chain": "tuskLeft",
      "options": {
        "side": "left"
      }
    },
    "tuskRight": {
      "generator": "limb",
      "chain": "tuskRight",
      "options": {
        "side": "right"
      }
    }
  },
  "materials": {
    "surface": {
      "color": "#7a7a7a",
      "roughness": 0.85,
      "metallic": 0.0,
      "specular": 0.25
    },
    "eye": {
      "color": "#222222",
      "roughness": 0.3,
      "metallic": 0.0,
      "specular": 0.8
    },
    "tusk": {
      "color": "#f5f0e6",
      "roughness": 0.4,
      "metallic": 0.0,
      "specular": 0.6
    },
    "nail": {
      "color": "#d0c7b5",
      "roughness": 0.6,
      "metallic": 0.0,
      "specular": 0.5
    }
  },
  "behaviorPresets": {
    "gait": "elephant_default",
    "idleBehaviors": [
      "ear_fan",
      "trunk_sway",
      "weight_shift"
    ],
    "specialInteractions": [
      "drink_from_pond",
      "spray_water"
    ],
    "tags": [
      "quadruped",
      "reference",
      "elephant"
    ]
  }
}
